[
  {
    "wilaya_code": 1,
    "wilaya_name": "أدرار",
    "communes": [
      { "commune_name": "أدرار" },
      { "commune_name": "تامست" },
      { "commune_name": "شروين" },
      { "commune_name": "رقان" },
      { "commune_name": "إن زغمير" },
      { "commune_name": "تيط" },
      { "commune_name": "قصر قدور" }
    ]
  },
  {
    "wilaya_code": 2,
    "wilaya_name": "الشلف",
    "communes": [
      { "commune_name": "الشلف" },
      { "commune_name": "تنس" },
      { "commune_name": "بنايرية" },
      { "commune_name": "الكريمية" },
      { "commune_name": "تاجنة" }
    ]
  },
  {
    "wilaya_code": 3,
    "wilaya_name": "الأغواط",
    "communes": [
      { "commune_name": "الأغواط" },
      { "commune_name": "قصر الحيران" },
      { "commune_name": "عين ماضي" },
      { "commune_name": "تاجموت" }
    ]
  },
  {
    "wilaya_code": 4,
    "wilaya_name": "أم البواقي",
    "communes": [
      { "commune_name": "أم البواقي" },
      { "commune_name": "عين البيضاء" },
      { "commune_name": "عين الكرشة" },
      { "commune_name": "عين فكرون" }
    ]
  },
  {
    "wilaya_code": 5,
    "wilaya_name": "باتنة",
    "communes": [
      { "commune_name": "باتنة" },
      { "commune_name": "أريس" },
      { "commune_name": "بريكة" },
      { "commune_name": "مروانة" },
      { "commune_name": "نقاوس" }
    ]
  },
  {
    "wilaya_code": 6,
    "wilaya_name": "بجاية",
    "communes": [
      { "commune_name": "بجاية" },
      { "commune_name": "أقبو" },
      { "commune_name": "أميزور" },
      { "commune_name": "فرعون" },
      { "commune_name": "تيشي" }
    ]
  },
  {
    "wilaya_code": 7,
    "wilaya_name": "بسكرة",
    "communes": [
      { "commune_name": "بسكرة" },
      { "commune_name": "طولقة" },
      { "commune_name": "سيدي عقبة" },
      { "commune_name": "زريبة الوادي" }
    ]
  },
  {
    "wilaya_code": 8,
    "wilaya_name": "بشار",
    "communes": [
      { "commune_name": "بشار" },
      { "commune_name": "بني عباس" },
      { "commune_name": "تاغيت" },
      { "commune_name": "العبادلة" }
    ]
  },
  {
    "wilaya_code": 9,
    "wilaya_name": "البليدة",
    "communes": [
      { "commune_name": "البليدة" },
      { "commune_name": "الشريعة" },
      { "commune_name": "بوفاريك" },
      { "commune_name": "الأربعاء" },
      { "commune_name": "بوقرة" }
    ]
  },
  {
    "wilaya_code": 10,
    "wilaya_name": "البويرة",
    "communes": [
      { "commune_name": "البويرة" },
      { "commune_name": "سور الغزلان" },
      { "commune_name": "الأخضرية" },
      { "commune_name": "برج أخريص" }
    ]
  },
  {
    "wilaya_code": 11,
    "wilaya_name": "تمنراست",
    "communes": [
      { "commune_name": "تمنراست" },
      { "commune_name": "عين قزام" },
      { "commune_name": "عين صالح" },
      { "commune_name": "إن قزام" }
    ]
  },
  {
    "wilaya_code": 12,
    "wilaya_name": "تبسة",
    "communes": [
      { "commune_name": "تبسة" },
      { "commune_name": "الشريعة" },
      { "commune_name": "بئر العاتر" },
      { "commune_name": "العقلة" }
    ]
  },
  {
    "wilaya_code": 13,
    "wilaya_name": "تلمسان",
    "communes": [
      { "commune_name": "تلمسان" },
      { "commune_name": "مغنية" },
      { "commune_name": "ندرومة" },
      { "commune_name": "غزوات" },
      { "commune_name": "رمشي" }
    ]
  },
  {
    "wilaya_code": 14,
    "wilaya_name": "تيارت",
    "communes": [
      { "commune_name": "تيارت" },
      { "commune_name": "السوقر" },
      { "commune_name": "مهدية" },
      { "commune_name": "فرندة" }
    ]
  },
  {
    "wilaya_code": 15,
    "wilaya_name": "تيزي وزو",
    "communes": [
      { "commune_name": "تيزي وزو" },
      { "commune_name": "عزازقة" },
      { "commune_name": "الأربعاء نايت إيراثن" },
      { "commune_name": "تيقزيرت" },
      { "commune_name": "بني دوالة" }
    ]
  },
  {
    "wilaya_code": 16,
    "wilaya_name": "الجزائر",
    "communes": [
      { "commune_name": "سيدي محمد" },
      { "commune_name": "المدنية" },
      { "commune_name": "حسين داي" },
      { "commune_name": "باب الوادي" },
      { "commune_name": "القصبة" },
      { "commune_name": "الحراش" },
      { "commune_name": "بئر مراد رايس" },
      { "commune_name": "الدار البيضاء" }
    ]
  },
  {
    "wilaya_code": 17,
    "wilaya_name": "الجلفة",
    "communes": [
      { "commune_name": "الجلفة" },
      { "commune_name": "مسعد" },
      { "commune_name": "حاسي بحبح" },
      { "commune_name": "عين وسارة" }
    ]
  },
  {
    "wilaya_code": 18,
    "wilaya_name": "جيجل",
    "communes": [
      { "commune_name": "جيجل" },
      { "commune_name": "الطاهير" },
      { "commune_name": "الميلية" },
      { "commune_name": "الشقفة" }
    ]
  },
  {
    "wilaya_code": 19,
    "wilaya_name": "سطيف",
    "communes": [
      { "commune_name": "سطيف" },
      { "commune_name": "العلمة" },
      { "commune_name": "عين ولمان" },
      { "commune_name": "بوقاع" },
      { "commune_name": "عين أرنات" }
    ]
  },
  {
    "wilaya_code": 20,
    "wilaya_name": "سعيدة",
    "communes": [
      { "commune_name": "سعيدة" },
      { "commune_name": "عين الحجر" },
      { "commune_name": "سيدي بوبكر" },
      { "commune_name": "الحساسنة" }
    ]
  },
  {
    "wilaya_code": 21,
    "wilaya_name": "سكيكدة",
    "communes": [
      { "commune_name": "سكيكدة" },
      { "commune_name": "القل" },
      { "commune_name": "عزابة" },
      { "commune_name": "الحروش" }
    ]
  },
  {
    "wilaya_code": 22,
    "wilaya_name": "سيدي بلعباس",
    "communes": [
      { "commune_name": "سيدي بلعباس" },
      { "commune_name": "تلاغ" },
      { "commune_name": "بن بادس" },
      { "commune_name": "مرسى الحجاج" }
    ]
  },
  {
    "wilaya_code": 23,
    "wilaya_name": "عنابة",
    "communes": [
      { "commune_name": "عنابة" },
      { "commune_name": "برحال" },
      { "commune_name": "الحجار" },
      { "commune_name": "سرايدي" }
    ]
  },
  {
    "wilaya_code": 24,
    "wilaya_name": "قالمة",
    "communes": [
      { "commune_name": "قالمة" },
      { "commune_name": "بوشقوف" },
      { "commune_name": "الحروش" },
      { "commune_name": "بوحمدان" }
    ]
  },
  {
    "wilaya_code": 25,
    "wilaya_name": "قسنطينة",
    "communes": [
      { "commune_name": "قسنطينة" },
      { "commune_name": "الخروب" },
      { "commune_name": "عين اسمارة" },
      { "commune_name": "ديدوش مراد" }
    ]
  },
  {
    "wilaya_code": 26,
    "wilaya_name": "المدية",
    "communes": [
      { "commune_name": "المدية" },
      { "commune_name": "بني سليمان" },
      { "commune_name": "قصر البخاري" },
      { "commune_name": "بوسكن" }
    ]
  },
  {
    "wilaya_code": 27,
    "wilaya_name": "مستغانم",
    "communes": [
      { "commune_name": "مستغانم" },
      { "commune_name": "عين تادلس" },
      { "commune_name": "سيدي علي" },
      { "commune_name": "حاسي ماماش" }
    ]
  },
  {
    "wilaya_code": 28,
    "wilaya_name": "المسيلة",
    "communes": [
      { "commune_name": "المسيلة" },
      { "commune_name": "بوسعادة" },
      { "commune_name": "سيدي عيسى" },
      { "commune_name": "عين الملح" }
    ]
  },
  {
    "wilaya_code": 29,
    "wilaya_name": "معسكر",
    "communes": [
      { "commune_name": "معسكر" },
      { "commune_name": "تيغنيف" },
      { "commune_name": "سيق" },
      { "commune_name": "محمدية" }
    ]
  },
  {
    "wilaya_code": 30,
    "wilaya_name": "ورقلة",
    "communes": [
      { "commune_name": "ورقلة" },
      { "commune_name": "تقرت" },
      { "commune_name": "حاسي مسعود" },
      { "commune_name": "الطيبات" }
    ]
  },
  {
    "wilaya_code": 31,
    "wilaya_name": "وهران",
    "communes": [
      { "commune_name": "وهران" },
      { "commune_name": "السانية" },
      { "commune_name": "بئر الجير" },
      { "commune_name": "سيدي الشحمي" },
      { "commune_name": "عين الترك" }
    ]
  },
  {
    "wilaya_code": 32,
    "wilaya_name": "البيض",
    "communes": [
      { "commune_name": "البيض" },
      { "commune_name": "بوقطب" },
      { "commune_name": "بريزينة" },
      { "commune_name": "الأبيض سيدي الشيخ" }
    ]
  },
  {
    "wilaya_code": 33,
    "wilaya_name": "إليزي",
    "communes": [
      { "commune_name": "إليزي" },
      { "commune_name": "جانت" },
      { "commune_name": "برج عمر إدريس" },
      { "commune_name": "ديبديب" }
    ]
  },
  {
    "wilaya_code": 34,
    "wilaya_name": "برج بوعريريج",
    "communes": [
      { "commune_name": "برج بوعريريج" },
      { "commune_name": "المنصورة" },
      { "commune_name": "الرابطة" },
      { "commune_name": "بئر قاصد علي" }
    ]
  },
  {
    "wilaya_code": 35,
    "wilaya_name": "بومرداس",
    "communes": [
      { "commune_name": "بومرداس" },
      { "commune_name": "الثنية" },
      { "commune_name": "برج منايل" },
      { "commune_name": "دلس" },
      { "commune_name": "الرغاية" }
    ]
  },
  {
    "wilaya_code": 36,
    "wilaya_name": "الطارف",
    "communes": [
      { "commune_name": "الطارف" },
      { "commune_name": "بن مهيدي" },
      { "commune_name": "البسباس" },
      { "commune_name": "بوحجار" }
    ]
  },
  {
    "wilaya_code": 37,
    "wilaya_name": "تندوف",
    "communes": [{ "commune_name": "تندوف" }, { "commune_name": "أم العسل" }, { "commune_name": "الغار" }]
  },
  {
    "wilaya_code": 38,
    "wilaya_name": "تيسمسيلت",
    "communes": [
      { "commune_name": "تيسمسيلت" },
      { "commune_name": "ثنية الأحد" },
      { "commune_name": "خميستي" },
      { "commune_name": "لرجام" }
    ]
  },
  {
    "wilaya_code": 39,
    "wilaya_name": "الوادي",
    "communes": [
      { "commune_name": "الوادي" },
      { "commune_name": "الدبيلة" },
      { "commune_name": "قمار" },
      { "commune_name": "الطالب العربي" }
    ]
  },
  {
    "wilaya_code": 40,
    "wilaya_name": "خنشلة",
    "communes": [
      { "commune_name": "خنشلة" },
      { "commune_name": "بابار" },
      { "commune_name": "شليا" },
      { "commune_name": "قايس" }
    ]
  },
  {
    "wilaya_code": 41,
    "wilaya_name": "سوق أهراس",
    "communes": [
      { "commune_name": "سوق أهراس" },
      { "commune_name": "سدراتة" },
      { "commune_name": "مداوروش" },
      { "commune_name": "تاورة" }
    ]
  },
  {
    "wilaya_code": 42,
    "wilaya_name": "تيبازة",
    "communes": [
      { "commune_name": "تيبازة" },
      { "commune_name": "القليعة" },
      { "commune_name": "شرشال" },
      { "commune_name": "حجوط" },
      { "commune_name": "الدويرة" }
    ]
  },
  {
    "wilaya_code": 43,
    "wilaya_name": "ميلة",
    "communes": [
      { "commune_name": "ميلة" },
      { "commune_name": "فرجيوة" },
      { "commune_name": "شلغوم العيد" },
      { "commune_name": "تاجنانت" }
    ]
  },
  {
    "wilaya_code": 44,
    "wilaya_name": "عين الدفلى",
    "communes": [
      { "commune_name": "عين الدفلى" },
      { "commune_name": "الخميس" },
      { "commune_name": "مليانة" },
      { "commune_name": "العطاف" }
    ]
  },
  {
    "wilaya_code": 45,
    "wilaya_name": "النعامة",
    "communes": [
      { "commune_name": "النعامة" },
      { "commune_name": "عين الصفراء" },
      { "commune_name": "مشرية" },
      { "commune_name": "العريشة" }
    ]
  },
  {
    "wilaya_code": 46,
    "wilaya_name": "عين تموشنت",
    "communes": [
      { "commune_name": "عين تموشنت" },
      { "commune_name": "حمام بوحجر" },
      { "commune_name": "بني صاف" },
      { "commune_name": "العامرية" }
    ]
  },
  {
    "wilaya_code": 47,
    "wilaya_name": "غرداية",
    "communes": [
      { "commune_name": "غرداية" },
      { "commune_name": "المنيعة" },
      { "commune_name": "بريان" },
      { "commune_name": "متليلي" }
    ]
  },
  {
    "wilaya_code": 48,
    "wilaya_name": "غليزان",
    "communes": [
      { "commune_name": "غليزان" },
      { "commune_name": "وادي رهيو" },
      { "commune_name": "يلل" },
      { "commune_name": "مازونة" }
    ]
  },
  {
    "wilaya_code": 49,
    "wilaya_name": "تيميمون",
    "communes": [{ "commune_name": "تيميمون" }, { "commune_name": "أولاد سعيد" }, { "commune_name": "تينركوك" }]
  },
  {
    "wilaya_code": 50,
    "wilaya_name": "برج باجي مختار",
    "communes": [{ "commune_name": "برج باجي مختار" }, { "commune_name": "تيميمون" }]
  },
  {
    "wilaya_code": 51,
    "wilaya_name": "أولاد جلال",
    "communes": [{ "commune_name": "أولاد جلال" }, { "commune_name": "سيدي خالد" }]
  },
  {
    "wilaya_code": 52,
    "wilaya_name": "بني عباس",
    "communes": [{ "commune_name": "بني عباس" }, { "commune_name": "العبادلة" }]
  },
  {
    "wilaya_code": 53,
    "wilaya_name": "عين صالح",
    "communes": [{ "commune_name": "عين صالح" }, { "commune_name": "فقارة الزوى" }]
  },
  {
    "wilaya_code": 54,
    "wilaya_name": "عين قزام",
    "communes": [{ "commune_name": "عين قزام" }, { "commune_name": "تين زاوتين" }]
  },
  {
    "wilaya_code": 55,
    "wilaya_name": "تقرت",
    "communes": [{ "commune_name": "تقرت" }, { "commune_name": "تماسين" }, { "commune_name": "المقارين" }]
  },
  {
    "wilaya_code": 56,
    "wilaya_name": "جانت",
    "communes": [{ "commune_name": "جانت" }, { "commune_name": "برج الحواس" }]
  },
  {
    "wilaya_code": 57,
    "wilaya_name": "المغير",
    "communes": [{ "commune_name": "المغير" }, { "commune_name": "جامعة" }]
  },
  {
    "wilaya_code": 58,
    "wilaya_name": "المنيعة",
    "communes": [{ "commune_name": "المنيعة" }, { "commune_name": "حاسي القارة" }]
  }
]
